Run_output2,55,394,3/25/2022 7:40:34 PM
Run_output2,55,384,3/25/2022 7:40:34 PM
Run_output2,55,384,3/25/2022 7:40:36 PM
Run_output2,55,350,3/25/2022 7:40:36 PM
Run_output2,55,324,3/25/2022 7:40:36 PM
Run_output2,55,320,3/25/2022 7:40:36 PM
Run_output2,55,310,3/25/2022 7:40:36 PM
Run_output2,55,298,3/25/2022 7:40:36 PM
Run_output2,55,298,3/25/2022 7:40:36 PM
Run_output2,55,290,3/25/2022 7:40:36 PM
Run_output2,55,284,3/25/2022 7:40:36 PM
Run_output2,55,280,3/25/2022 7:40:37 PM
Run_output2,55,272,3/25/2022 7:40:37 PM
Run_output2,55,270,3/25/2022 7:40:37 PM
Run_output2,55,270,3/25/2022 7:40:37 PM
Run_output2,55,264,3/25/2022 7:40:37 PM
Run_output2,55,258,3/25/2022 7:40:37 PM
Run_output2,55,254,3/25/2022 7:40:37 PM
Run_output2,55,236,3/25/2022 7:40:37 PM
Run_output2,55,222,3/25/2022 7:40:37 PM
Run_output2,55,214,3/25/2022 7:40:37 PM
Run_output2,55,212,3/25/2022 7:40:37 PM
Run_output2,55,208,3/25/2022 7:40:37 PM
Run_output2,55,202,3/25/2022 7:40:37 PM
Run_output2,55,202,3/25/2022 7:40:37 PM
Run_output2,55,192,3/25/2022 7:40:37 PM
Run_output2,55,190,3/25/2022 7:40:37 PM
Run_output2,55,190,3/25/2022 7:40:37 PM
Run_output2,55,190,3/25/2022 7:40:37 PM
Run_output2,55,184,3/25/2022 7:40:37 PM
Run_output2,55,182,3/25/2022 7:40:37 PM
Run_output2,55,180,3/25/2022 7:40:37 PM
Run_output2,55,182,3/25/2022 7:40:38 PM
Run_output2,55,178,3/25/2022 7:40:38 PM
Run_output2,55,180,3/25/2022 7:40:38 PM
Run_output2,55,176,3/25/2022 7:40:38 PM
Run_output2,55,172,3/25/2022 7:40:38 PM
Run_output2,55,168,3/25/2022 7:40:38 PM
Run_output2,55,162,3/25/2022 7:40:38 PM
Run_output2,55,162,3/25/2022 7:40:38 PM
Run_output2,55,158,3/25/2022 7:40:38 PM
Run_output2,55,150,3/25/2022 7:40:38 PM
Run_output2,55,146,3/25/2022 7:41:29 PM
Run_output2,55,144,3/25/2022 7:41:29 PM
Run_output2,55,136,3/25/2022 7:41:29 PM
Run_output2,55,134,3/25/2022 7:41:29 PM
Run_output2,55,134,3/25/2022 7:41:29 PM
Run_output2,55,122,3/25/2022 7:41:29 PM
Run_output2,55,120,3/25/2022 7:41:29 PM
Run_output2,55,122,3/25/2022 7:41:29 PM
Run_output2,55,120,3/25/2022 7:41:29 PM
Run_output2,55,118,3/25/2022 7:41:29 PM
Run_output2,55,116,3/25/2022 7:41:29 PM
Run_output2,55,116,3/25/2022 7:41:29 PM
Run_output2,55,118,3/25/2022 7:41:29 PM
Run_output2,55,110,3/25/2022 7:41:29 PM
Run_output2,55,110,3/25/2022 7:41:29 PM
Run_output2,55,108,3/25/2022 7:41:29 PM
Run_output2,55,104,3/25/2022 7:41:29 PM
Run_output2,55,104,3/25/2022 7:41:30 PM
Run_output2,55,102,3/25/2022 7:41:30 PM
Run_output2,55,102,3/25/2022 7:41:30 PM
Run_output2,55,100,3/25/2022 7:41:30 PM
Run_output2,55,96,3/25/2022 7:41:30 PM
Run_output2,55,96,3/25/2022 7:41:30 PM
Run_output2,55,96,3/25/2022 7:41:30 PM
Run_output2,55,94,3/25/2022 7:41:30 PM
Run_output2,55,90,3/25/2022 7:41:30 PM
Run_output2,55,88,3/25/2022 7:41:30 PM
Run_output2,55,84,3/25/2022 7:41:30 PM
Run_output2,55,82,3/25/2022 7:41:30 PM
Run_output2,55,82,3/25/2022 7:41:30 PM
Run_output2,55,82,3/25/2022 7:41:30 PM
Run_output2,55,74,3/25/2022 7:41:30 PM
Run_output2,55,72,3/25/2022 7:41:30 PM
Run_output2,55,70,3/25/2022 7:41:30 PM
Run_output2,55,70,3/25/2022 7:41:30 PM
Run_output2,55,70,3/25/2022 7:41:30 PM
Run_output2,55,66,3/25/2022 7:41:30 PM
Run_output2,55,66,3/25/2022 7:41:30 PM
Run_output2,55,66,3/25/2022 7:41:30 PM
Run_output2,55,68,3/25/2022 7:41:31 PM
Run_output2,55,64,3/25/2022 7:41:31 PM
Run_output2,55,64,3/25/2022 7:41:31 PM
Run_output2,55,62,3/25/2022 7:41:31 PM
Run_output2,55,62,3/25/2022 7:41:31 PM
Run_output2,55,62,3/25/2022 7:41:31 PM
Run_output2,55,62,3/25/2022 7:41:31 PM
Run_output2,55,62,3/25/2022 7:41:31 PM
Run_output2,55,64,3/25/2022 7:41:31 PM
Run_output2,55,60,3/25/2022 7:41:31 PM
Run_output2,55,58,3/25/2022 7:41:31 PM
Run_output2,55,58,3/25/2022 7:41:31 PM
Run_output2,55,58,3/25/2022 7:41:31 PM
Run_output2,55,58,3/25/2022 7:41:31 PM
Run_output2,55,58,3/25/2022 7:41:31 PM
Run_output2,55,58,3/25/2022 7:41:31 PM
Run_output2,57,58,3/25/2022 7:41:31 PM
Run_output2,57,58,3/25/2022 7:41:31 PM
Run_output2,57,60,3/25/2022 7:41:31 PM
Run_output2,57,60,3/25/2022 7:41:31 PM
Run_output2,57,60,3/25/2022 7:41:31 PM
Run_output2,57,62,3/25/2022 7:41:31 PM
Run_output2,57,60,3/25/2022 7:41:32 PM
Run_output2,57,58,3/25/2022 7:41:32 PM
Run_output2,57,56,3/25/2022 7:41:32 PM
Run_output2,57,56,3/25/2022 7:41:32 PM
Run_output2,57,54,3/25/2022 7:41:32 PM
Run_output2,57,54,3/25/2022 7:41:32 PM
Run_output2,57,56,3/25/2022 7:41:32 PM
Run_output2,57,52,3/25/2022 7:41:32 PM
Run_output2,57,52,3/25/2022 7:41:32 PM
Run_output2,57,52,3/25/2022 7:41:32 PM
Run_output2,57,50,3/25/2022 7:41:32 PM
Run_output2,57,52,3/25/2022 7:41:32 PM
Run_output2,57,52,3/25/2022 7:41:32 PM
Run_output2,57,52,3/25/2022 7:41:32 PM
Run_output2,57,50,3/25/2022 7:41:32 PM
Run_output2,57,50,3/25/2022 7:41:32 PM
Run_output2,57,50,3/25/2022 7:41:32 PM
Run_output2,57,50,3/25/2022 7:41:32 PM
Run_output2,57,46,3/25/2022 7:41:32 PM
Run_output2,57,48,3/25/2022 7:41:32 PM
Run_output2,57,48,3/25/2022 7:41:32 PM
Run_output2,57,50,3/25/2022 7:41:32 PM
Run_output2,57,50,3/25/2022 7:41:32 PM
Run_output2,57,50,3/25/2022 7:41:33 PM
Run_output2,57,52,3/25/2022 7:44:13 PM
Run_output2,57,52,3/25/2022 7:44:13 PM
Run_output2,57,52,3/25/2022 7:44:13 PM
Run_output2,57,52,3/25/2022 7:44:13 PM
Run_output2,57,52,3/25/2022 7:44:13 PM
Run_output2,57,52,3/25/2022 7:44:13 PM
Run_output2,57,54,3/25/2022 7:44:13 PM
Run_output2,57,54,3/25/2022 7:44:13 PM
Run_output2,57,54,3/25/2022 7:44:13 PM
Run_output2,57,54,3/25/2022 7:44:13 PM
Run_output2,57,54,3/25/2022 7:44:13 PM
Run_output2,57,54,3/25/2022 7:44:13 PM
Run_output2,57,54,3/25/2022 7:44:13 PM
Run_output2,57,56,3/25/2022 7:44:13 PM
Run_output2,57,56,3/25/2022 7:44:13 PM
Run_output2,57,56,3/25/2022 7:44:13 PM
Run_output2,57,54,3/25/2022 7:44:13 PM
Run_output2,57,54,3/25/2022 7:44:13 PM
Run_output2,57,52,3/25/2022 7:44:13 PM
Run_output2,57,54,3/25/2022 7:44:13 PM
Run_output2,57,54,3/25/2022 7:44:13 PM
Run_output2,57,54,3/25/2022 7:44:13 PM
Run_output2,57,52,3/25/2022 7:44:13 PM
Run_output2,57,52,3/25/2022 7:44:13 PM
Run_output2,57,52,3/25/2022 7:44:14 PM
Run_output2,57,52,3/25/2022 7:44:14 PM
Run_output2,57,52,3/25/2022 7:44:14 PM
Run_output2,57,52,3/25/2022 7:44:14 PM
Run_output2,57,50,3/25/2022 7:44:14 PM
Run_output2,57,52,3/25/2022 7:44:14 PM
Run_output2,57,52,3/25/2022 7:44:14 PM
Run_output2,57,50,3/25/2022 7:44:14 PM
Run_output2,57,50,3/25/2022 7:44:14 PM
Run_output2,57,48,3/25/2022 7:44:14 PM
Run_output2,57,50,3/25/2022 7:44:14 PM
Run_output2,57,48,3/25/2022 7:44:14 PM
Run_output2,57,42,3/25/2022 7:44:14 PM
Run_output2,57,44,3/25/2022 7:44:14 PM
Run_output2,57,44,3/25/2022 7:44:14 PM
Run_output2,57,44,3/25/2022 7:44:14 PM
Run_output2,57,42,3/25/2022 7:44:14 PM
Run_output2,57,44,3/25/2022 7:44:14 PM
Run_output2,57,44,3/25/2022 7:44:14 PM
Run_output2,57,46,3/25/2022 7:44:14 PM
Run_output2,57,46,3/25/2022 7:44:14 PM
Run_output2,57,44,3/25/2022 7:44:14 PM
Run_output2,57,44,3/25/2022 7:44:15 PM
Run_output2,57,44,3/25/2022 7:44:15 PM
Run_output2,57,42,3/25/2022 7:44:15 PM
Run_output2,57,42,3/25/2022 7:44:15 PM
Run_output2,57,44,3/25/2022 7:44:15 PM
Run_output2,57,44,3/25/2022 7:44:15 PM
Run_output2,57,42,3/25/2022 7:44:15 PM
Run_output2,57,42,3/25/2022 7:44:15 PM
Run_output2,57,42,3/25/2022 7:44:15 PM
Run_output2,57,44,3/25/2022 7:44:15 PM
Run_output2,57,44,3/25/2022 7:44:15 PM
Run_output2,57,44,3/25/2022 7:44:15 PM
Run_output2,57,44,3/25/2022 7:44:15 PM
Run_output2,57,44,3/25/2022 7:44:15 PM
Run_output2,57,44,3/25/2022 7:44:15 PM
Run_output2,57,42,3/25/2022 7:44:15 PM
Run_output2,57,40,3/25/2022 7:44:15 PM
Run_output2,57,38,3/25/2022 7:44:15 PM
Run_output2,57,36,3/25/2022 7:44:15 PM
Run_output2,59,36,3/25/2022 7:44:15 PM
Run_output2,59,36,3/25/2022 7:44:15 PM
Run_output2,59,38,3/25/2022 7:44:15 PM
Run_output2,59,38,3/25/2022 7:44:15 PM
Run_output2,59,40,3/25/2022 7:44:16 PM
Run_output2,59,40,3/25/2022 7:44:16 PM
Run_output2,59,42,3/25/2022 7:44:16 PM
Run_output2,59,42,3/25/2022 7:44:16 PM
Run_output2,59,44,3/25/2022 7:44:16 PM
Run_output2,59,44,3/25/2022 7:44:16 PM
Run_output2,59,42,3/25/2022 7:44:16 PM
Run_output2,59,44,3/25/2022 7:44:16 PM
Run_output2,59,44,3/25/2022 7:44:16 PM
Run_output2,59,46,3/25/2022 7:44:16 PM
Run_output2,59,46,3/25/2022 7:44:16 PM
Run_output2,59,44,3/25/2022 7:44:16 PM
Run_output2,59,40,3/25/2022 7:44:16 PM
Run_output2,59,38,3/25/2022 7:44:16 PM
Run_output2,59,38,3/25/2022 7:44:16 PM
Run_output2,59,38,3/25/2022 7:44:16 PM
Run_output2,59,36,3/25/2022 7:44:16 PM
Run_output2,59,38,3/25/2022 7:44:16 PM
Run_output2,59,38,3/25/2022 7:44:16 PM
Run_output2,59,36,3/25/2022 7:44:16 PM
Run_output2,59,36,3/25/2022 7:44:16 PM
Run_output2,59,34,3/25/2022 7:44:16 PM
Run_output2,59,34,3/25/2022 7:44:16 PM
Run_output2,56,34,3/25/2022 7:44:17 PM
Run_output2,56,36,3/25/2022 7:44:17 PM
Run_output2,56,36,3/25/2022 7:44:17 PM
Run_output2,56,36,3/25/2022 7:44:17 PM
Run_output2,56,38,3/25/2022 7:44:17 PM
Run_output2,56,38,3/25/2022 7:44:17 PM
Run_output2,56,38,3/25/2022 7:44:17 PM
Run_output2,56,38,3/25/2022 7:44:17 PM
Run_output2,56,38,3/25/2022 7:44:17 PM
Run_output2,56,36,3/25/2022 7:44:17 PM
Run_output2,56,38,3/25/2022 7:44:17 PM
Run_output2,56,38,3/25/2022 7:44:17 PM
Run_output2,56,34,3/25/2022 7:44:17 PM
Run_output2,56,36,3/25/2022 7:44:17 PM
Run_output2,56,36,3/25/2022 7:44:17 PM
Run_output2,56,36,3/25/2022 7:44:17 PM
Run_output2,56,36,3/25/2022 7:44:17 PM
Run_output2,56,36,3/25/2022 7:44:17 PM
Run_output2,56,36,3/25/2022 7:44:17 PM
Run_output2,56,38,3/25/2022 7:44:17 PM
Run_output2,56,38,3/25/2022 7:44:17 PM
Run_output2,56,36,3/25/2022 7:44:17 PM
Run_output2,56,34,3/25/2022 7:44:17 PM
Run_output2,56,34,3/25/2022 7:44:17 PM
Run_output2,55,34,3/25/2022 7:44:17 PM
Run_output2,55,36,3/25/2022 7:44:18 PM
Run_output2,55,36,3/25/2022 7:44:18 PM
Run_output2,55,36,3/25/2022 7:44:18 PM
Run_output2,55,38,3/25/2022 7:44:18 PM
Run_output2,55,38,3/25/2022 7:44:18 PM
Run_output2,55,36,3/25/2022 7:44:18 PM
Run_output2,55,36,3/25/2022 7:44:18 PM
Run_output2,55,36,3/25/2022 7:44:18 PM
Run_output2,55,36,3/25/2022 7:44:18 PM
Run_output2,55,38,3/25/2022 7:44:18 PM
Run_output2,55,36,3/25/2022 7:44:18 PM
Run_output2,55,34,3/25/2022 7:44:18 PM
Run_output2,55,34,3/25/2022 7:44:18 PM
Run_output2,55,34,3/25/2022 7:44:18 PM
Run_output2,55,34,3/25/2022 7:44:18 PM
Run_output2,55,34,3/25/2022 7:44:18 PM
Run_output2,55,34,3/25/2022 7:44:18 PM
Run_output2,55,32,3/25/2022 7:44:18 PM
Run_output2,55,30,3/25/2022 7:44:18 PM
Run_output2,55,32,3/25/2022 7:44:18 PM
Run_output2,55,32,3/25/2022 7:44:18 PM
Run_output2,55,34,3/25/2022 7:44:18 PM
Run_output2,49,34,3/25/2022 7:44:19 PM
Run_output2,49,34,3/25/2022 7:44:19 PM
Run_output2,49,36,3/25/2022 7:44:19 PM
Run_output2,49,36,3/25/2022 7:44:19 PM
Run_output2,49,38,3/25/2022 7:44:19 PM
Run_output2,49,38,3/25/2022 7:44:19 PM
Run_output2,49,38,3/25/2022 7:44:19 PM
Run_output2,49,36,3/25/2022 7:44:19 PM
Run_output2,49,36,3/25/2022 7:44:19 PM
Run_output2,49,36,3/25/2022 7:44:19 PM
Run_output2,49,34,3/25/2022 7:44:19 PM
Run_output2,49,34,3/25/2022 7:44:19 PM
Run_output2,49,36,3/25/2022 7:44:19 PM
Run_output2,49,36,3/25/2022 7:44:19 PM
Run_output2,49,36,3/25/2022 7:44:19 PM
Run_output2,49,36,3/25/2022 7:44:19 PM
Run_output2,49,36,3/25/2022 7:44:19 PM
Run_output2,49,38,3/25/2022 7:44:19 PM
Run_output2,49,36,3/25/2022 7:44:19 PM
Run_output2,49,34,3/25/2022 7:44:19 PM
Run_output2,49,32,3/25/2022 7:44:19 PM
Run_output2,49,34,3/25/2022 7:44:19 PM
Run_output2,47,34,3/25/2022 7:44:20 PM
Run_output2,47,34,3/25/2022 7:44:20 PM
Run_output2,47,36,3/25/2022 7:44:20 PM
Run_output2,47,36,3/25/2022 7:44:20 PM
Run_output2,47,36,3/25/2022 7:44:20 PM
Run_output2,47,36,3/25/2022 7:44:20 PM
Run_output2,47,36,3/25/2022 7:44:20 PM
Run_output2,47,36,3/25/2022 7:44:20 PM
Run_output2,47,36,3/25/2022 7:44:20 PM
Run_output2,47,34,3/25/2022 7:44:20 PM
Run_output2,47,34,3/25/2022 7:44:20 PM
Run_output2,47,34,3/25/2022 7:44:20 PM
Run_output2,47,36,3/25/2022 7:44:20 PM
Run_output2,47,32,3/25/2022 7:44:20 PM
Run_output2,47,34,3/25/2022 7:44:20 PM
Run_output2,47,34,3/25/2022 7:44:20 PM
Run_output2,47,34,3/25/2022 7:44:20 PM
Run_output2,47,30,3/25/2022 7:44:20 PM
Run_output2,47,32,3/25/2022 7:44:20 PM
Run_output2,47,32,3/25/2022 7:44:20 PM
Run_output2,47,30,3/25/2022 7:44:20 PM
Run_output2,47,30,3/25/2022 7:44:20 PM
Run_output2,47,30,3/25/2022 7:44:20 PM
Run_output2,38,32,3/25/2022 7:44:21 PM
Run_output2,38,32,3/25/2022 7:44:21 PM
Run_output2,38,32,3/25/2022 7:44:21 PM
Run_output2,38,32,3/25/2022 7:52:56 PM
Run_output2,38,32,3/25/2022 7:52:56 PM
Run_output2,38,34,3/25/2022 7:52:56 PM
Run_output2,38,34,3/25/2022 7:52:56 PM
Run_output2,38,34,3/25/2022 7:52:56 PM
Run_output2,38,34,3/25/2022 7:52:56 PM
Run_output2,38,36,3/25/2022 7:52:56 PM
Run_output2,38,36,3/25/2022 7:52:57 PM
Run_output2,38,36,3/25/2022 7:52:57 PM
Run_output2,38,36,3/25/2022 7:52:57 PM
Run_output2,38,34,3/25/2022 7:52:57 PM
Run_output2,38,34,3/25/2022 7:52:57 PM
Run_output2,38,34,3/25/2022 7:52:57 PM
Run_output2,38,32,3/25/2022 7:52:57 PM
Run_output2,38,34,3/25/2022 7:52:57 PM
Run_output2,38,32,3/25/2022 7:52:57 PM
Run_output2,38,32,3/25/2022 7:52:57 PM
Run_output2,37,32,3/25/2022 7:52:57 PM
Run_output2,37,34,3/25/2022 7:52:57 PM
Run_output2,37,34,3/25/2022 7:52:57 PM
Run_output2,37,34,3/25/2022 7:52:57 PM
Run_output2,37,34,3/25/2022 7:52:57 PM
Run_output2,36,34,3/25/2022 7:52:57 PM
Run_output2,36,32,3/25/2022 7:52:57 PM
Run_output2,36,32,3/25/2022 7:52:57 PM
Run_output2,36,34,3/25/2022 7:52:57 PM
Run_output2,36,34,3/25/2022 7:52:57 PM
Run_output2,36,36,3/25/2022 7:52:57 PM
Run_output2,36,36,3/25/2022 7:52:58 PM
Run_output2,36,32,3/25/2022 7:52:58 PM
Run_output2,38,32,3/25/2022 7:52:58 PM
Run_output2,38,34,3/25/2022 7:52:58 PM
Run_output2,38,34,3/25/2022 7:52:58 PM
Run_output2,38,32,3/25/2022 7:52:58 PM
Run_output2,38,28,3/25/2022 7:52:58 PM
Run_output2,38,28,3/25/2022 7:52:58 PM
Run_output2,38,30,3/25/2022 7:52:58 PM
Run_output2,38,30,3/25/2022 7:52:58 PM
Run_output2,38,30,3/25/2022 7:52:58 PM
Run_output2,38,32,3/25/2022 7:52:58 PM
Run_output2,38,32,3/25/2022 7:52:58 PM
Run_output2,38,32,3/25/2022 7:52:58 PM
Run_output2,55,382,3/25/2022 7:54:11 PM
Run_output2,55,372,3/25/2022 7:54:11 PM
Run_output2,55,374,3/25/2022 7:54:12 PM
Run_output2,55,340,3/25/2022 7:54:12 PM
Run_output2,55,320,3/25/2022 7:54:12 PM
Run_output2,55,322,3/25/2022 7:54:12 PM
Run_output2,55,322,3/25/2022 7:54:12 PM
Run_output2,55,322,3/25/2022 7:54:12 PM
Run_output2,55,322,3/25/2022 7:54:12 PM
Run_output2,55,318,3/25/2022 7:54:12 PM
Run_output2,55,314,3/25/2022 7:54:12 PM
Run_output2,55,314,3/25/2022 7:54:13 PM
Run_output2,55,302,3/25/2022 7:54:13 PM
Run_output2,55,296,3/25/2022 7:54:13 PM
Run_output2,55,294,3/25/2022 7:54:13 PM
Run_output2,55,288,3/25/2022 7:54:13 PM
Run_output2,55,276,3/25/2022 7:54:13 PM
Run_output2,55,272,3/25/2022 7:54:13 PM
Run_output2,55,262,3/25/2022 7:54:13 PM
Run_output2,55,260,3/25/2022 7:54:13 PM
Run_output2,55,252,3/25/2022 7:54:13 PM
Run_output2,55,250,3/25/2022 7:54:13 PM
Run_output2,55,246,3/25/2022 7:54:13 PM
Run_output2,55,238,3/25/2022 7:54:13 PM
Run_output2,55,234,3/25/2022 7:54:13 PM
Run_output2,55,228,3/25/2022 7:54:13 PM
Run_output2,55,222,3/25/2022 7:54:13 PM
Run_output2,55,214,3/25/2022 7:54:13 PM
Run_output2,55,208,3/25/2022 7:54:13 PM
Run_output2,55,204,3/25/2022 7:54:13 PM
Run_output2,55,200,3/25/2022 7:54:13 PM
Run_output2,55,196,3/25/2022 7:54:13 PM
Run_output2,55,184,3/25/2022 7:54:13 PM
Run_output2,55,178,3/25/2022 7:54:14 PM
Run_output2,55,170,3/25/2022 7:54:14 PM
Run_output2,55,160,3/25/2022 7:54:14 PM
Run_output2,55,156,3/25/2022 7:54:14 PM
Run_output2,55,154,3/25/2022 7:54:14 PM
Run_output2,55,148,3/25/2022 7:54:14 PM
Run_output2,55,140,3/25/2022 7:54:14 PM
Run_output2,55,138,3/25/2022 7:54:14 PM
Run_output2,55,134,3/25/2022 7:54:14 PM
Run_output2,55,130,3/25/2022 7:54:14 PM
Run_output2,55,126,3/25/2022 7:54:14 PM
Run_output2,55,122,3/25/2022 7:54:14 PM
Run_output2,55,122,3/25/2022 7:54:14 PM
Run_output2,55,124,3/25/2022 7:54:14 PM
Run_output2,55,116,3/25/2022 7:54:14 PM
Run_output2,55,114,3/25/2022 7:54:14 PM
Run_output2,55,112,3/25/2022 7:54:14 PM
Run_output2,55,112,3/25/2022 7:54:14 PM
Run_output2,55,110,3/25/2022 7:54:14 PM
Run_output2,55,108,3/25/2022 7:54:14 PM
Run_output2,55,108,3/25/2022 7:54:14 PM
Run_output2,55,106,3/25/2022 7:54:15 PM
Run_output2,55,102,3/25/2022 7:54:15 PM
Run_output2,55,100,3/25/2022 7:54:15 PM
Run_output2,55,102,3/25/2022 7:54:15 PM
Run_output2,55,102,3/25/2022 7:54:15 PM
Run_output2,55,100,3/25/2022 7:54:15 PM
Run_output2,55,98,3/25/2022 7:54:15 PM
Run_output2,55,98,3/25/2022 7:54:15 PM
Run_output2,55,92,3/25/2022 7:54:15 PM
Run_output2,55,90,3/25/2022 7:54:15 PM
Run_output2,55,88,3/25/2022 7:54:15 PM
Run_output2,55,86,3/25/2022 7:54:15 PM
Run_output2,55,82,3/25/2022 7:54:15 PM
Run_output2,55,80,3/25/2022 7:54:15 PM
Run_output2,55,76,3/25/2022 7:54:15 PM
Run_output2,55,74,3/25/2022 7:54:15 PM
Run_output2,55,72,3/25/2022 7:54:15 PM
Run_output2,55,68,3/25/2022 7:54:15 PM
Run_output2,55,68,3/25/2022 7:54:15 PM
Run_output2,55,64,3/25/2022 7:54:16 PM
Run_output2,55,60,3/25/2022 7:54:16 PM
Run_output2,55,56,3/25/2022 7:54:16 PM
Run_output2,55,54,3/25/2022 7:54:16 PM
Run_output2,55,52,3/25/2022 7:54:16 PM
Run_output2,55,52,3/25/2022 7:54:16 PM
Run_output2,55,50,3/25/2022 7:54:16 PM
Run_output2,55,50,3/25/2022 7:54:16 PM
Run_output2,55,50,3/25/2022 7:54:16 PM
Run_output2,55,50,3/25/2022 7:54:16 PM
Run_output2,55,50,3/25/2022 7:54:16 PM
Run_output2,55,50,3/25/2022 7:54:16 PM
Run_output2,55,46,3/25/2022 7:54:16 PM
Run_output2,55,44,3/25/2022 7:54:16 PM
Run_output2,55,44,3/25/2022 7:54:16 PM
Run_output2,55,42,3/25/2022 7:54:16 PM
Run_output2,55,44,3/25/2022 7:54:16 PM
Run_output2,55,44,3/25/2022 7:54:16 PM
Run_output2,55,46,3/25/2022 7:54:16 PM
Run_output2,55,46,3/25/2022 7:54:16 PM
Run_output2,55,44,3/25/2022 7:54:16 PM
Run_output2,55,44,3/25/2022 7:54:16 PM
Run_output2,55,44,3/25/2022 7:54:17 PM
Run_output2,55,42,3/25/2022 7:54:17 PM
Run_output2,55,38,3/25/2022 7:54:17 PM
Run_output2,55,40,3/25/2022 7:54:17 PM
Run_output2,55,40,3/25/2022 7:54:17 PM
Run_output2,55,40,3/25/2022 7:54:17 PM
Run_output2,55,42,3/25/2022 7:54:17 PM
Run_output2,55,36,3/25/2022 7:54:17 PM
Run_output2,55,32,3/25/2022 7:54:17 PM
Run_output2,55,32,3/25/2022 7:54:17 PM
Run_output2,55,34,3/25/2022 7:54:17 PM
Run_output2,55,34,3/25/2022 7:54:17 PM
Run_output2,55,36,3/25/2022 7:54:17 PM
Run_output2,55,34,3/25/2022 7:54:17 PM
Run_output2,55,34,3/25/2022 7:54:17 PM
Run_output2,55,32,3/25/2022 7:54:17 PM
Run_output2,55,34,3/25/2022 7:54:17 PM
Run_output2,55,32,3/25/2022 7:54:17 PM
Run_output2,55,32,3/25/2022 7:54:17 PM
Run_output2,55,32,3/25/2022 7:54:17 PM
Run_output2,55,32,3/25/2022 7:54:17 PM
Run_output2,55,32,3/25/2022 7:54:17 PM
Run_output2,55,30,3/25/2022 7:54:17 PM
Run_output2,55,32,3/25/2022 7:54:18 PM
Run_output2,55,28,3/25/2022 7:54:18 PM
Run_output2,55,28,3/25/2022 7:54:18 PM
Run_output2,55,26,3/25/2022 7:54:18 PM
Run_output2,55,26,3/25/2022 7:54:18 PM
Run_output2,55,24,3/25/2022 7:54:18 PM
Run_output2,55,26,3/25/2022 7:54:18 PM
Run_output2,55,26,3/25/2022 7:54:18 PM
Run_output2,55,26,3/25/2022 7:54:18 PM
Run_output2,55,26,3/25/2022 7:54:18 PM
